Time,V1,V2,V3,V4,V5,V6,V7,V8,V9,V10,V11,V12,V13,V14,V15,V16,V17,V18,V19,V20,V21,V22,V23,V24,V25,V26,V27,V28,Amount,Class
55189,0.592615628746156,1.83623427742123,-2.21512282878277,1.31209108473192,1.43089172878005,-1.07139966254173,0.891236395444778,-0.119464837040799,-0.477275160799424,-0.736419194349315,1.83219367994076,0.185278404023825,0.638577293237298,-3.60187332388621,0.374735197929875,1.21970949122695,2.22068529646564,2.16918010553012,0.153204003055898,0.310390494678002,-0.171714041289342,-0.165544654389369,-0.031316785398089,-0.8261820936061,-0.303242877404876,-0.365147663622119,0.366454073849515,0.0560587659352705,5.31,0.0
56002,1.50255224938958,-1.12326955950752,0.0868436482768009,-1.61021952837278,-1.17378317208035,-0.245609831033361,-1.05676470858782,-0.0146942675621913,-1.94110788419488,1.62463666872127,0.359480117676335,-0.84531154977667,-0.161659023382539,-0.0127607277436058,0.0078645938509477,0.0716428935465492,-0.0002250663718583,0.814597439311245,0.35586119650253,-0.3040169673465,-0.215340313226306,-0.330199600856783,-0.0858402292707009,-0.539040625007862,0.436986291005817,-0.171676881981986,0.0172861950560065,0.0036977847743573,30.0,0.0
25002,0.833622625484711,-1.10436778828553,1.91322685359739,0.786039248174013,-1.44664955469407,1.72420801842566,-1.65829086348776,0.717633260502906,3.2599635738754,-0.913485661104507,1.5607620604616,-1.37508905948975,0.482459800811813,0.595746299795846,-2.14010997889658,-0.728883434173282,1.50007701709499,-0.222140552355707,-0.203061200263041,-0.0761135569557077,0.0377441197585373,0.674413093986288,-0.113333626431024,-0.227585873976597,0.0713604838665335,1.04969193231723,0.0150619610728983,0.0134508908315544,97.41,0.0
53771,-2.6970661065544,0.20327352891963,1.58391197287459,-1.0746374804639,-0.119275876378053,0.73250663454469,-1.27620727354979,-1.66476341931738,-0.642026217263471,-1.82610511770567,1.17013558949627,0.871628889615514,-0.8734451435342,0.880422412102679,0.0487603789281758,1.1810762246464,-0.518347442123745,-0.2842050720425,-2.42521237943254,0.213216558692527,-1.11418171617683,0.612608139506575,0.393000129434396,-0.301353051175082,0.139294654592638,0.216659333476466,0.0200684098279905,-0.322286325405852,20.0,0.0
49332,0.969456367544817,0.0946083846690267,1.32046530084761,2.69570086216686,-0.709098734428626,0.273637425288203,-0.389641794523871,0.185605713995398,-0.347803808667449,0.651572211679554,0.970390413185807,1.11958868235481,0.351494667276459,-0.201942924093012,-1.18661741873948,0.567668034862053,-0.554584114530869,0.243096750638638,-0.675305786058194,-0.0121500962564865,0.173026305372576,0.534931175345894,-0.136473718659522,0.572596058866993,0.47015602968837,0.112152448394513,0.018603235302401,0.0308547166097879,60.66,0.0
53213,1.22347094065252,0.240716266370414,0.729632814661113,0.749241477742466,-0.771208502995364,-1.30660335348271,0.0488185399401542,-0.21967093715451,0.0617882788549014,-0.0559358923385818,0.200836055819959,0.358233961190993,-0.129772385408133,0.341096909254381,1.03137638992094,0.163804614470171,-0.209217958235129,-0.673183087592081,-0.317227662552476,-0.134073874899735,-0.226751037979709,-0.674798633399226,0.207007857885227,0.90300567017509,0.134636005744863,0.0627864803797122,-0.03056079820399,0.0235805518767764,1.29,0.0
42081,1.04973306681562,0.136554722662745,0.449469030384745,1.15746729310407,-0.209275229144412,-0.176173503501079,0.0264435413279914,0.0502373862899285,-0.328057146297269,0.16365373004675,1.71947115272742,1.12395408117397,0.119398298688921,0.532429313131963,0.455890992762293,-0.0099169709980663,-0.382180228403205,-0.106473138972016,-0.635557760891572,-0.0665640801109253,0.191726482943089,0.511547947309696,-0.107634697612013,0.248633299291511,0.535005764112674,-0.286754405259676,0.0243190878529498,0.0186227771392878,47.79,0.0
49656,0.766880759670007,-1.08549498094153,0.874621613737003,0.371424810634686,-1.24070449382247,0.15239855916531,-0.47302929944446,0.154458054502966,1.21860856527346,-0.584862370901084,-0.616049945361468,0.524663188302812,-0.280881734099454,-0.425850789012565,0.0051112665450133,-0.372613303582096,0.44484082533149,-1.01228075914101,0.0427305870228534,0.296076466787089,-0.0835661820956011,-0.430199561199904,-0.0697310879325079,0.164116416969599,-0.0219454508169322,0.950604317085389,-0.0582673477313258,0.0465847332230877,216.2,0.0
29624,-0.0384689728134197,1.34385367652611,0.153022720739264,0.8838411785633,0.312584163143872,-1.16054103654687,0.996174899040683,-0.255789190030938,-0.333138944656533,0.515829708826612,-0.514431149495711,-0.0382730480095463,-0.0486268735136975,0.428268507255041,0.682472895820296,-0.577990193595994,-0.153542883698353,-0.136341324097625,0.352555647204919,0.169982451580634,0.103154415585366,0.586152563921075,0.0188240855912293,0.397324723534289,-0.662375528677893,-0.410933206450716,0.546388576163338,0.289898612406289,0.89,0.0
57763,1.16460948037784,0.186198877922818,0.277069375355306,0.537228034024949,-0.20260801156019,-0.295318434739563,-0.147105521108857,0.128793266980455,-0.104667855481277,-0.134675785418648,1.7088254372084,0.564113941680868,-0.712058553385549,0.103927105155777,0.737538937893794,0.42287342938865,0.0690241405249918,-0.148821195603288,-0.261358973412951,-0.149294432444882,-0.216433462536104,-0.673382298767823,0.153690820356115,-0.0449609001408437,0.0843296814105196,0.109344817558354,-0.0163779169882163,0.0158819270745539,4.49,0.0
28651,-0.668266030243095,-1.40349904421281,2.86038409006676,-1.4337353745075,-1.76440357414988,0.626482436489128,-1.4954295964861,0.535881073931739,-0.771238557428017,0.549231812287821,-1.62865122200173,-1.54255400620103,-1.46335635391863,-1.25283223252005,-1.26926452035787,-1.28984394833813,1.56537258369907,-0.0467307912810036,0.0894837593990886,-0.239074001502445,-0.076937259507427,0.330330561920275,0.0010409841999214,0.0579063824621684,-0.11647456700974,-0.0321542154319077,0.167558933677321,0.118004552979672,54.0,0.0
52078,0.970908473247971,0.0216669660441362,0.0533998359762797,1.01455780412049,-0.015154032025251,-0.280311229022121,0.350167849488173,0.0184874383305341,-0.380260444229805,0.0874229555045741,1.53802743132639,0.763803861775121,-0.721324630184681,0.886955638329148,0.406200472305191,-0.062699781443889,-0.28854606996953,-0.541589099495699,-0.18876962000913,-0.0055134603185122,-0.256596123066607,-1.02449828208605,0.0809439630094941,-0.0472914917856326,0.244692856300004,-0.737747492584764,-0.0064421603218798,0.0264285424866568,104.1,0.0
56181,1.26848962492088,-0.0883331729248763,0.0329148129772643,0.514662594828298,0.218644988327363,0.698346239507428,-0.246420023752964,0.125362536843551,0.699393822755375,-0.268422988303694,-1.77862494642247,0.207339149220224,0.364889688068891,-0.300075883111414,-0.045107525640244,-0.229122237025583,-0.162736340661719,-0.583031842109804,0.354285214958525,-0.0863982857019032,-0.16815781701417,-0.199341256266107,-0.218852433195521,-1.25309421230314,0.669351479826913,0.526074569655249,0.0012813831927939,-0.0040748465302116,11.5,0.0
41884,-0.855517137132713,1.14566413139295,0.716266274166559,0.307796306803857,-0.657823639505534,1.0725168718,-2.03413172962202,-5.16894359229112,-0.302271578264458,-1.64899191795904,-1.73273565628554,0.033824858682922,-1.31736726993296,0.861619259710722,-0.122375292268198,0.437252558895885,0.0475602669607321,-0.236494722386989,0.214713420666003,1.20909805117271,-2.92394481911601,-0.355555268410209,-0.1457626550591,-0.481014181510472,1.18339647158152,0.344384395601529,-0.0270649608558197,0.185480135797778,69.99,0.0
5673,1.06540904144918,-0.0350635389624572,1.07950978405479,1.65337080976192,-0.473776032411105,0.638355441562677,-0.60665312316492,0.267066835501394,1.9783745730758,-0.443935156974062,1.69933635719273,-1.44183172699018,0.795784220278874,1.34968169036941,-2.08146455354121,-0.626050556139103,0.951969175515858,-0.0516916781240474,-0.167243857972352,-0.253595143382671,-0.186190606031869,0.0071538779002243,-0.0715319582013065,-0.0345767760848405,0.539808526313587,-0.312370161269088,0.0377899789844266,0.0059396591452145,15.0,0.0
33367,-2.11332398499412,1.5488539425595,1.11638475625699,0.931370618171823,0.281089679189922,-0.0037046479216397,1.03044704023398,-0.634428929976871,1.71179041773842,2.70957015967857,-0.427367653581222,-0.852969138369584,-1.67490857538178,-0.875161301619117,0.621885162576281,-1.53259616137492,0.305955889110214,-0.71945008716873,0.643696087937393,0.598927650374908,-0.353481613730929,0.129507644069276,-0.12205901901389,0.0444315630187419,0.0182119927938775,-0.338670052761166,-0.266050492281382,0.0733251554325802,12.58,0.0
39767,1.01277606925683,-0.75669245568985,0.468605887189692,-0.155810875198882,-0.306043771344916,1.243996752387,-0.644278148014735,0.335877993771405,0.85928584500326,-0.40724234331795,0.0961454479422605,1.48056104232332,1.20681290954665,-0.602214340455157,-0.757651647224284,0.143230499221528,-0.379939346168904,-0.260318683297386,0.867103193820046,0.234623520984613,-0.16590018081725,-0.403767560261122,-0.179419421707588,-1.23271216525438,0.21133767238157,1.02416972082183,-0.0361301294377057,0.008064862481747,116.68,0.0
39622,1.02371946501949,0.0345648042438638,-0.0355160500411474,1.18299663748273,0.201201770077301,0.164104211457466,0.264129341252839,0.0242683282325395,-0.26605276531383,0.0701873727235171,1.06466653962917,1.22525411162088,0.297653905069136,0.381083063936195,-0.475257652828012,-0.387671149393673,-0.228015648401655,-0.325022099993565,-0.103045495793102,0.0143341068558825,0.0760581427751973,0.222756408954371,-0.245869229862302,-0.262892600097264,0.766732130846133,-0.238622824408161,0.0093793830103023,0.0117841362393121,83.0,0.0
52898,-1.12476140314742,0.384736227511254,1.36063268213775,0.420390444350357,-0.394796731002228,-0.0924671131181956,-0.266542513854714,0.529809967197966,-0.549996965782149,-0.414378574386813,0.417316565652806,0.422179322459476,0.491666009953785,0.434902564142775,2.4037244259647,-0.898643271984361,1.06571963713955,-1.03798398224808,1.01172060544708,-0.0511919264659078,0.0806576140514486,0.356051497184726,0.622701361296805,0.160685948681443,-0.781222493887711,1.13847632154219,-0.0549906860430386,0.0076876574769397,28.2,0.0
332,1.08430301328508,0.12767812557479,1.38985271441822,2.53255871264885,-0.636871350092511,0.651109021131008,-0.685289010777119,0.356924416786187,-0.0525201476007633,0.672385539315412,0.362543035464664,0.483035615500186,-0.480955608316955,-0.136629164985307,-0.924280322752152,0.93847685790472,-0.757827613209111,0.465840591622503,-0.427654978537099,-0.151189788929334,-0.055486885024205,-0.0886419223597762,-0.012251399178334,-0.0264912196017046,0.290882369167501,-0.0393526812748756,0.0334002944060167,0.0229663191576792,11.34,0.0
28022,-0.958739065163213,0.425510075541321,1.98922128590957,-2.06104020936464,-0.628630925875649,-0.290177125587462,-0.0650279213664195,0.182065306047301,-1.16234370789747,0.499656132642628,0.9480769254534,-0.316140393550896,0.19250101894357,-0.437905893292066,-0.248858449961177,1.76902455636283,-0.486322519646215,-0.372645357392846,0.180165391169947,0.378387923659399,0.297852965871179,0.87383928142701,-0.421018109910622,0.0176328405564234,0.596830311062402,-0.163001004197669,0.392843866526832,0.174891139618471,18.4,0.0
40260,-1.00362165004243,-0.912664288571003,-0.97140665554938,-1.58631300959401,-2.99343149908732,0.841451142370886,-0.975679878917187,-6.02891375083878,-2.68088601207401,-0.347716699561993,-0.769193399789994,0.277477918459827,1.06701276107077,0.262394249251266,-1.14929723977815,-0.182843488218318,0.704569630043307,-0.485627064928936,-1.28332864892549,0.935160261976735,-2.68809371941812,0.583253405859604,-1.63630678194037,0.542101955472302,0.0590491140462265,-0.31580675017601,0.52436452687755,0.215252637844451,757.5,0.0
36108,1.20176929227706,-0.946244699508883,1.08115611105195,-0.438040778279629,-1.61585223673133,-0.451552135922306,-0.976185078871255,-0.0689109940882336,-0.250954205116725,0.442104027328165,-0.399975475306821,0.0481189600194607,1.21437640461511,-0.887023162690368,0.262982222860001,1.14992449341051,0.258413476367191,-1.12678776666701,0.428413000471123,0.299954478047702,0.367458281853441,0.999618518094861,-0.187060285195594,0.4626103361049,0.459956514024917,-0.0577711033070866,0.0409710448737856,0.0416624340851113,91.0,0.0
8316,-1.4160514536843,-0.247071262459373,3.53829456449167,-0.288647713575821,-1.24429776665245,0.601190746579272,-0.67686284640307,0.46095652576121,3.26390898513984,-0.757012373594954,0.934076420833335,-2.81126385112639,-1.32974714119019,0.380503930405264,-2.97929276934277,-0.0429447071323856,0.794369032530437,0.814658993130688,0.023116414010882,0.0319554220445294,-0.186169459360175,0.40875861226773,-0.124413742130499,0.533895215906766,0.275608955971553,1.122180630438,0.216484166953936,-0.0739805169980185,38.96,0.0
34759,0.568843088136553,-2.55855996705683,0.521232498537866,-1.08578027924668,-2.20297437117278,0.0517719686678544,-0.93062013727691,0.0786680741059871,-1.820458714121,1.34213431876455,1.53972525439582,-0.252235317183433,0.031595659517332,-0.0890166547759786,0.47345642148554,-0.167219398268849,0.51643415300618,0.271698780258682,-0.630102398997391,0.487127699001582,0.106060799657178,-0.300394916741487,-0.201642865566171,0.205698791963318,-0.145045158027547,-0.34089977974553,-0.014295584474093,0.0936474478271426,437.02,0.0
55792,-0.193780071798729,0.73324400522059,1.09029219162638,0.639530206221047,0.68764808505902,0.331331988568794,0.508345765174925,0.135878036698602,-0.722750813453971,0.0527395102626011,-0.127112406641025,0.917985967430801,0.888914870613672,-0.416404025648651,-2.41395559117051,0.702752574797189,-0.982728417026519,0.002787640647768,-0.393972664052914,-0.108905602889356,0.0850246007703624,0.40694173027673,-0.0599508919849769,-0.417996903407348,-0.95935061584806,0.68283019206,0.153956043723645,0.205711046080616,3.73,0.0
40882,-3.06565731111096,-1.79896021680411,1.10676894272664,-2.07322556712327,-0.27716801713228,1.10400669687984,0.235260976642372,0.901136829977289,1.43710923054432,-2.24534400113254,0.208212643904001,1.29911295017906,0.467319078998577,-0.274343776019295,1.32207998295345,-1.3756899998436,1.02468828395119,-1.89044078596987,-1.2764093573049,-0.3633838687407,0.013890143444536,0.845808538508331,1.53945202416508,-0.937121418600093,0.299185231123959,-0.0019205935924339,0.474192000933713,-0.147189212398153,276.0,0.0
14444,1.18518766707344,-0.139789590546003,0.716986067280036,0.0862334325274565,-0.469319811473125,0.137201375165434,-0.659867384885839,0.133367533508919,1.57146265754272,-0.37979409564347,2.18237432148145,-1.96813508420772,1.24243677817157,1.77955450258035,0.210527967707661,0.510452771462187,0.231000795094659,0.370403561698785,-0.344628985935193,-0.124850053343311,-0.0151776049223523,0.194526621473197,-0.0316292950291107,-0.292337270444034,0.13142118812349,1.06507343101005,-0.080327077476134,-0.0122405818162429,14.95,0.0
36995,-0.551410336839697,-0.74922988614875,0.5673379326648,-3.41457641129618,1.35757113428209,3.84948039132003,-0.41156537441641,0.656711763572767,-1.92846188627465,0.832579960431213,-0.831564790751533,-1.26097211767571,0.0793624239137072,-1.00724433962658,-1.14800554566794,-0.573612940040004,0.149535722004598,0.233504268231181,0.0326015495542685,-0.185603172452042,-0.309386352347898,-0.367305193183402,-0.381095301811187,1.00402824085085,0.681707005253428,-0.20884443586173,-0.194244892065696,-0.191932509795479,72.6,0.0
57005,-0.710264093556436,-0.0953196830641264,2.89971616412546,0.718611979877047,-0.501954564552341,0.968640547932192,-0.0071230514046918,0.308005666961683,1.3833394475765,-0.886685037130664,-1.47731891531021,0.374490377293326,-0.603000777924074,-1.34234282041164,-1.99835846308076,-0.720000336488554,0.222183814297436,-0.543540478746153,-0.771613861548336,-0.0323344057842018,0.0695887603737173,0.711128789547076,-0.0385703582958246,0.0889898928130372,-0.282553270821506,-0.448201455541114,0.0544503076653693,-0.0516926962758242,65.0,0.0
3308,-0.451819070126752,0.504921369173256,-0.277615164929343,-0.742055446776562,1.96743607800674,3.6613648935904,-0.282521239272917,0.900743529137057,-1.58644240167073,1.26428283734228,-0.478475216267035,-0.639471706358158,0.312555116313226,0.188297224302679,1.29317677390528,-1.53962442019354,-0.368110297253104,1.99793794514691,0.191018448731656,0.0319183902703549,-0.305175469950344,-0.306675193667258,-0.122078631622171,0.966854369256013,-0.0237373733246163,-0.178578081055434,0.555883021534795,0.283349428564046,28.03,0.0
52920,1.16020997452945,0.617392272997811,0.972086335173496,2.48325822551201,-0.241128622553847,-0.365921349006245,0.0490122155413595,-0.131904625413005,-0.812132261600732,0.618008204315492,-0.286623321431907,0.719970307976224,1.58541645451707,-0.126790094764097,0.492699154048621,0.799492133804456,-0.790521792172624,-0.405361263541269,-1.05931616759056,-0.034821974883439,-0.0751420958534329,-0.209394304334264,0.048728158322064,0.396949255300516,0.347605695027773,-0.135600985311566,0.0126964711605569,0.0349013715854194,11.0,0.0
34236,-0.14828863768779,-3.0541628291649,0.0435708765875641,0.200299568579645,-2.09733043185706,-0.155528014311227,0.16541560577304,-0.180703865433119,-0.51041141374327,0.17891463689643,-0.24110311236606,0.207201276227546,0.311504790511913,-0.0628577599098717,0.64865532060339,-1.6595742432195,0.545537450976631,0.505741323659962,-1.3604353797856,0.993778689888344,0.0674748317268243,-0.868933000774155,-0.501240984980225,0.470230449330528,-0.239030537038616,0.945860786569989,-0.156514851028547,0.142979529927592,753.96,0.0
40801,-0.929632456893441,0.515876219999551,1.28321720400595,0.62731245740614,0.217664170035824,-0.12182494304956,1.12745575174741,0.0227532952531077,-0.971091142957867,-0.221077301992538,1.72392571278132,0.839475419914619,-0.107853462173439,0.52850364860336,0.243638734897595,-0.0263468734963245,-0.350894788219842,-0.538893160732395,-0.133693452615663,-0.173625355767003,-0.325182536012651,-0.942714414390135,0.594463974492356,0.137862723346773,-0.21518068828394,-0.874024513177996,0.0121726258337172,-0.0459648995567322,110.0,0.0
48726,1.13176502391754,0.535323855893761,-0.319670755507202,1.46560737383794,0.224575249642961,-0.452550356989395,0.173646592895442,0.0665040153183433,-0.176199518241883,-0.480572254510103,1.79689813467816,0.485723201000265,-1.06642401061266,-0.906168519999107,-0.24096271338512,-0.0081460035005277,1.21213962760842,0.297356902564898,-0.498094278000623,-0.200538078074454,-0.0356312177221292,0.0426087208661584,-0.118631769745906,0.0894245471296449,0.686689704889485,-0.257630335082827,0.0364293225860941,0.033885846086138,1.0,0.0
51393,-1.11119934962177,-0.107909742743666,1.25234692789408,-0.40016930593277,1.12086548101,-1.31619105130141,-0.0113420806353389,-0.193290750205411,-0.290126192869419,-0.336469831514404,-0.718319253591333,0.311859353869352,1.12716284577337,-0.116627983075832,0.793369401291258,0.257792182559363,-0.544953021975621,-0.276064749201995,0.406603815995537,-0.11421390886388,-0.0320503252651384,0.0058685836504887,-0.295526718530087,-0.0003846576714513,-0.483249358556122,0.878187642801157,0.0740620484887216,0.0713534712298176,10.0,0.0
28265,-0.531305534100763,0.876156044571332,1.24881273802678,0.926288054943952,0.38679545175938,-0.967826020467076,0.643487750919439,-0.114811643908641,-0.559850139364472,-0.0080682133163372,-0.468427866365955,0.0465047529854699,0.302512142513439,0.270037087420915,1.00008664647341,-0.353401031075384,-0.20031543181199,0.0799861250434348,0.397820776882436,0.246238489278463,0.141037808158358,0.493709961770651,-0.0911200750135874,0.405475328000954,-0.169229266882887,-0.318509838223152,0.406093769810022,0.232804101890593,13.5,0.0
35984,0.902118257260498,-1.38797210373688,0.618265475289401,-0.437658517868557,-1.6600045877346,-0.731388416047938,-0.561390009948307,-0.144724209680258,-0.502770075644147,0.485162519075481,-0.302165170232458,-0.688335158812919,0.0690327635936348,-0.257485216296492,1.04297453879177,1.46043920310035,0.139068286044816,-1.11386148391077,0.333728107227564,0.572550926018726,0.269927614722369,0.120110952120633,-0.17252805468452,0.401906558663688,0.168849674618713,-0.32365326156353,-0.018195368861545,0.0698763231641933,258.95,0.0
53975,1.46321114454444,-1.21876519334428,0.227739202293254,-1.52430627153917,-1.30976266962471,-0.326540962163807,-1.04627281667965,-0.107033892682219,-1.62694173167546,1.39892015100205,-1.38376730566571,-1.35014217807842,0.383388976519781,-0.361847768161156,0.872047359070394,0.128197145498171,0.0801379076783254,0.296993128960662,0.124100627089776,-0.196604974034093,-0.404491866617661,-0.953459010511524,0.0092742058268774,-0.674663757392947,0.233735426880869,-0.352910317778427,0.0287836741752028,0.0288707198255162,70.0,0.0
29443,1.14956275324233,-1.34419698300788,0.244643864589775,-2.69793929250818,-1.39301815610132,-0.44473068059664,-0.721889612156726,0.0086000535862106,0.807565672148259,-0.728747439589497,1.49650805225174,1.72898276493319,0.634586868469094,0.0406505353041433,0.793544608553118,-2.71145439993829,0.368262510069578,1.4324941855135,0.325547202730312,-0.309193582505837,-0.21500614431601,-0.0396184310843666,-0.118393360054245,0.0455969357933163,0.50122167738151,-0.733016363411765,0.106998798221618,0.0338453167423216,99.99,0.0
30292,-1.29920099416885,0.322248910884202,0.962436144738499,-0.767961721298623,-1.89587140202314,-0.282472908987448,-0.894044651434967,0.871280679892009,-1.53407162539888,0.331419151078016,0.66529319106543,0.172550835285968,-0.242103586554999,0.71862970346701,0.620708254070842,-0.77890174445877,0.152112115496126,1.96908962160414,0.227763875783756,-0.694614743703614,-0.222466731976655,-0.516938028903648,0.141665766910745,0.341611271390139,-1.08560038430701,0.817524887046349,-0.298482935025446,-0.0591932813488381,86.94,0.0
35336,1.21108448293946,0.0063711911954849,0.0795261491584098,-0.328062585674411,-0.062285071116963,-0.304138884319855,0.0398844306576463,0.019127158850703,-0.188904234846329,-0.0937424237949373,1.54096085303978,1.01163301846187,0.0742389924495872,0.577074034219175,0.597803274389298,0.212186396447967,-0.335255010350946,-0.871979761158475,0.389163804080002,-0.0483602145953423,-0.457950289379409,-1.41643624465537,0.253538552089648,-0.300456208901885,-0.110212165768794,0.574987770563472,-0.0848487600730704,-0.0066076074455191,18.8,0.0
32000,0.999986746152928,-0.362630065575796,-0.358171874555094,1.18992549169462,0.272867523779812,0.628876365087278,0.125601425881667,0.116040713465181,0.580338304021882,-0.145105456412593,-2.02132965009655,-0.660945248667949,-1.24461903899744,0.28793237979477,0.176263938369576,-0.232873549136999,-0.161572599138736,-0.324999094297978,0.125401940853002,0.0422595755487231,-0.127381054084993,-0.497818745568,-0.338570409422369,-1.35111823721585,0.753006874552295,-0.235248760852895,0.0034638132450102,0.0223762765550919,144.07,0.0
4963,1.19687662734684,0.234727822541202,0.267723530105933,0.670349479334666,-0.0481708100369451,-0.0851504110992795,-0.314180500622826,0.122447973543618,1.34270559819419,-0.476003682863757,2.20777389118627,-2.54101894286604,0.0616873268091036,1.70181259168709,0.124647129573689,0.531382222507332,0.735568232042463,0.343236936715323,-0.334476514840657,-0.248443363574541,-0.401132608337567,-0.993235162369921,0.139452539825627,-0.457555711631263,0.0747771546804715,0.0944140334199383,-0.0488875816839712,0.0035584736794862,0.89,0.0
56049,-0.448553487794724,1.21727153734079,1.31363142854885,0.896286191541345,0.44609334060792,-0.73007377606038,1.05134479956091,-0.12932249070582,-1.36829457912885,-0.0524312591275227,1.40105830860714,0.563675054224598,-0.164125542726016,0.727641808891512,0.106940245073298,-0.417812411824993,-0.221160984197722,0.316382566864849,0.76305007193387,0.0250826550061383,0.156841049990133,0.435926657473865,-0.331228560094313,0.547917555419648,0.312475829227137,-0.231435724649565,0.0836858918162004,0.0929294211009355,3.84,0.0
40690,1.32039221050485,-0.753340078495287,0.962362716069054,-0.604172052709609,-1.55094028134582,-0.72746562737953,-0.994027734284035,-0.0670713398995024,-0.385022058112332,0.598389448787108,-0.339090073935977,-0.688868123477681,0.215473324030408,-0.421843143971486,1.12875179948228,1.48808992481252,0.0617613040226493,-0.834805111612786,0.215939623731429,0.14079098515469,0.39707396214573,1.0340647106965,-0.126679078648144,0.421788089788288,0.413689447212656,-0.0514656000838831,0.0316320259859977,0.0304344616380431,39.98,0.0
39552,-0.719046392859297,0.569302895190548,0.133778120377586,-2.52526535826904,2.38066675976482,3.23304768186531,0.292311009356918,0.733878299582405,0.191167059662342,-0.158675433610947,-0.149173233164181,-0.321742978891794,-0.104801110348399,-0.184710164813292,0.74883330280294,0.831774896005893,-1.28857752471612,0.0613228550514147,-0.338329651755527,0.349331222498985,-0.221979799065567,-0.487525097853946,-0.0966585361958439,1.03262007576937,-0.149622082627963,0.711968509735881,0.213306179405896,-0.0005832458390455,19.13,0.0
47292,1.47245852123052,-0.708803168308715,-1.50746226367938,-1.69759829366606,1.68051828534144,3.16496593437238,-0.845076860124747,0.700341292860077,-0.896183988831786,0.639403366367163,-0.25900179087366,-0.643121632878184,-0.0022702406882958,-0.0656616187635247,-0.0483158252579251,0.849338926085065,0.119788746007,-1.22280093017445,1.18535623628819,0.180884002948983,0.100146990139246,0.186039579000323,-0.204181494384396,1.05669568929543,0.948018359517628,-0.0504313837181234,-0.0075136465420428,-0.0020295304112706,15.0,0.0
7522,-5.16391308184672,-5.37324517929536,2.11645180406436,2.82273596487497,-0.298459812143017,0.439322890834798,1.73431053127945,0.289887669967692,0.700689079306862,-1.66042620254077,1.30573590211511,-1.19045023133687,2.47354145795039,0.666801890952714,-3.87989201681104,0.979510645789872,-0.18814208401186,0.756197000990927,-2.30880038809905,2.99651828054679,0.775482556171444,-0.251395603799662,2.89172102888307,0.345143763163443,1.06985629895017,-0.314910091433732,-0.476978798452374,0.200050595963984,1114.02,0.0
33309,1.29685563583034,0.299206445687775,-0.154712676449022,0.29934775550635,0.286950155842652,-0.0717614431171236,-0.0183219996632448,-0.0014391666965894,-0.199490769555161,-0.12203693474776,0.646834220742486,0.722213581851558,0.691884434182728,-0.22998584227465,0.440865338492984,0.999304022136221,-0.700458385808456,0.53471607175129,0.529186788227671,-0.0106555881562376,-0.309025785280908,-0.903955867030847,-0.031202582229057,-0.868536851262048,0.353769382597954,0.148281847680801,-0.0260654830834717,0.0094563324705037,1.29,0.0
53714,1.0919108758881,-0.460366689405982,-0.356021249540038,0.331012442161279,1.50267770813536,4.10973662798564,-1.06210992603552,1.08199519117243,0.690989160111844,-0.111897294445727,-0.578976620758434,0.280040412538993,-0.0141142181885337,-0.206419501007523,0.335578354684568,0.454578911135026,-0.760172643372284,0.388043844220853,0.0884750885140212,0.105959276255,-0.0815263325892457,-0.317983733289384,-0.0884718156476139,1.00263181568953,0.545883119089019,-0.383904715512345,0.0623029013402103,0.0417034017961044,67.49,0.0
33513,1.29130403936438,-0.607150633359662,0.516462975834057,-0.766319559505746,-1.00760906907449,-0.444194371505897,-0.70437110994085,0.0979251465093302,-0.962728930637597,0.770999318827172,1.75513736025075,-0.224906409969787,-0.923019438321789,0.316896693129685,0.421551197755746,1.0637862818826,0.394532653475192,-1.47008651100929,0.459196456989567,0.0002373876431893,0.0415033695614593,-0.0679518135329803,0.133799314932101,0.182377054294132,0.145283710196308,-0.416936962700816,0.0095120115255296,0.0079518016198488,19.95,0.0
47403,0.994741224428897,-0.533941037409714,0.840881487530039,0.725213271980796,-1.1812940716602,-0.383005313625788,-0.515461465553288,0.179167009962569,0.67439815289851,0.0211694208555604,0.922077352731809,-0.0025772825047563,-2.04895397578549,0.449124813112086,0.0016763547571409,0.384814473002712,-0.295197272226133,0.563945191995623,0.0501807663674957,-0.0446998908470606,0.18013304849772,0.353958500573991,-0.132652384450822,0.566298500444081,0.298056829607853,0.574257137509239,-0.0439928713736238,0.0194483536309158,93.4,0.0
3047,-0.754293526181172,0.369824618844841,1.93199964832549,0.245479044250398,0.220456861570729,-0.518591893549977,0.517205223660692,-0.0030189115612751,0.307238469266222,-0.242886833444353,-0.483731436020002,-0.530452137060195,-1.72040964870951,-0.0369937941500295,0.0095279126197475,-0.829567980081262,0.443227772134207,-0.922110284037247,-0.0789080876848277,0.118098028111765,-0.177215377761104,-0.213409375748062,-0.0322173334491237,0.382937636993951,-0.193733197709851,0.225517431581353,0.149346928926612,-0.0460998224535124,11.88,0.0
26443,-3.50064219522858,-2.99198199649789,1.37362697854697,-0.44747953714446,0.0194889883447046,0.0684049110920446,0.321421605928489,0.356039879750028,0.800953003942571,-0.597897311957735,0.704462742898757,0.495048600467289,-0.644672780331922,-0.324230173538276,-0.516868626446732,0.550236954863664,-0.481914453925669,0.0218717432012078,-0.426416016296533,0.625413564681587,0.0039774011418403,-0.0875801412289873,0.6463115602149,-0.247836720713646,0.0966583154139113,0.898632076379113,0.322234556950574,0.622546408976179,500.0,0.0
48171,-0.0766509434820973,1.09409021957757,1.34848505198096,0.750047420211416,0.577825860032364,-0.5018776273217,1.09108214507649,-0.442786532379849,-0.694693379591036,-0.0447991432526223,-0.528303096304504,0.377469595696131,1.40392779239717,-0.153056568461125,0.918926619048798,-0.368528236877539,-0.498675182642792,0.0341862522622972,0.562501339239126,0.158624431603455,0.0967006990937488,0.581250548118469,-0.273846113541019,0.0802173936504046,-0.192196391905251,-0.345784415471112,0.0196849386012146,-0.059904921356151,4.9,0.0
55728,0.962896733474431,-0.663353686396726,1.15632182148277,0.351355803744934,-1.22926148709036,-0.0661121753215425,-0.566620416953996,0.12044611851662,1.10136998036354,-0.553506251088572,-0.203022987733321,1.0094064891929,0.357344350150954,-0.574101710163165,-0.112402191966553,-0.516924168473253,0.519791710578377,-1.2305864855897,-0.0493072451589958,0.100268260583718,-0.122336209177843,-0.250588943104586,0.0611699104962729,0.491318300075642,-0.0001053073534466,0.940652787440516,-0.0316770547931938,0.0315948461083631,103.0,0.0
40485,-0.326071917890036,0.85732295130252,1.19623581381468,0.93331483163232,0.902735382309694,0.925729049244277,0.71726044078477,-0.0259895308303007,0.0192389556864478,0.0064696556115975,-1.98748690881131,-1.11686190436114,-1.23182438969049,-0.0270167644706674,0.53792219942519,-0.842676428624424,0.110953868449928,-0.0975779688220853,1.3323580341329,0.0124026988448577,-0.157715189168117,-0.132855848729082,-0.44782856629985,-1.34678694877353,0.222349519061101,-0.1408022242912,-0.15395753873071,-0.134294408983698,7.52,0.0
48218,1.22445807770307,0.0324939872629206,0.218191930202451,0.53395494085807,-0.0316482812130383,0.103981322557572,-0.0660295329709716,0.0098294886424529,0.12819791248007,-0.0545359463003492,0.445496644524631,1.35391560922018,0.893762628462852,-0.0923879476493417,-0.945430361137006,0.115096539693739,-0.567964443917321,-0.0535848908366582,0.809551192719541,-0.002249667303262,-0.2172919850307,-0.459382299704909,-0.123141942907813,-0.440680524465607,0.558958323841477,0.298987458523553,-0.0237700952910861,-0.0017469477386561,18.92,0.0
43153,-3.25024623393015,-0.420345693854089,1.63052974548143,0.0690559796596248,0.665165797428316,1.97385154150625,-0.714373280677673,1.20493389665324,0.368776330912197,-0.0506607118536185,1.58969409163426,1.52492747534702,0.688901982572156,-0.388004490131258,0.563473822308921,-0.80958847484427,0.71672447011712,-1.50204258207207,-0.805483481080195,-0.684466713824423,-0.243300268318559,0.766863900315216,0.881790063904791,-1.28134300067376,0.279498933718342,0.497722108578083,0.036037967574023,-0.626585067491302,27.86,0.0
32249,0.53729053935227,1.83050303911738,-1.78799366381099,1.06761265382625,1.88195163853995,-1.00159863543474,1.6183897690723,-0.937252656859275,0.576468763492054,0.746564505911837,2.14185833333494,-0.457192583866876,-0.0356340803252794,-4.46301422559787,0.58485651107128,0.868595033989874,1.82221966106912,2.09683630870961,0.111565856764988,0.823095998976415,-0.441353077157687,-0.150120720325298,-0.155577801458632,-0.849991792779683,-0.325269359748824,-0.468223786635322,-0.0862029004173105,-0.714579891973016,0.89,0.0
34817,-1.2935785331678,0.132224609359029,1.64676000379352,-0.410544956121406,1.02483127200509,-1.08613964966861,0.635612337657312,-0.0681035810663697,-0.619468051640924,-0.830296813476068,-0.894067032143101,-0.018700816123157,0.409762930134828,0.0957370842990297,0.381330935472482,0.488459819581981,-0.778571578844954,-0.262860451506458,-0.440598924810241,0.244682260305738,-0.0917162389191543,-0.656946170155119,-0.0474355816964751,-0.12133892521433,0.455974668767392,0.114087176614635,-0.062517946098554,0.0705997548095351,51.82,0.0
7593,-0.460249752945011,1.09588431287446,1.95487766837381,0.51713346164733,0.320600156046893,0.0807211180789092,0.887590695248085,-0.447474163096498,1.12974855466072,0.21485282173767,2.07479650298979,-2.05206569586704,1.84852504249986,1.13527187684437,-0.47035412417285,0.340334165028709,-0.418719368254766,0.831542180309751,-0.142043422644331,0.147284363866948,-0.249861311438761,-0.125435457082014,-0.224318931028266,-0.0758828031638218,-0.0391866477650817,-0.619878320752926,-0.303385801821086,-0.381409342604499,36.0,0.0
38970,-1.10391297914578,-0.0301440138681447,1.75749478903938,-1.69451989190806,0.274786386787766,-1.06617143065825,0.432314679444757,-0.310133706438804,-1.42317945158274,0.523797373977892,1.40608139690197,0.239992934422773,0.40522351047645,-0.546869025700114,-1.52558761792216,0.684447900435173,0.0803466322222819,-1.2760184826226,0.526365714928401,0.239187761872635,0.167940737392765,0.719871873106922,-0.539147117674983,0.604442352708395,0.785351133047557,-0.200327506449236,0.0090382777079057,-0.131889486216824,20.0,0.0
1407,1.13362030321227,0.0554806010408362,0.362290228234933,1.42160026280619,-0.29490137967099,-0.216857440085206,-0.006971928715934,0.060007664710126,0.505080683971922,-0.0898852829632042,-0.77805307422664,-0.226781892117205,-1.55451765316883,0.353310684474589,0.0634933280745837,-0.655060492333253,0.34636527641435,-0.801164194420004,-0.363647680588765,-0.250727400709691,-0.108666428562585,-0.180038875896334,-0.0589907355220134,0.0439074283525808,0.608820757068274,-0.309112350333466,0.0277335883766769,0.0155492348285982,23.84,0.0
44418,-1.30017564417543,0.0804972547887596,1.68657654617185,0.235851665553073,1.0078661538665,-1.2710805110265,0.928390708519024,-0.390322969013035,-0.359413440336286,-0.34880543230961,-0.438529793569396,-0.0329406311229403,0.161250584924221,-0.0893726692879027,0.408602241384405,0.158774873525949,-0.798511094513132,-0.121942625014185,-0.866942157347344,-0.0969877314531852,0.0021586886318753,0.180984603721466,0.109027713553796,0.376397379122339,0.878134180434019,-0.43113407004768,-0.294173151851938,-0.232277552198647,21.13,0.0
26325,-3.14087003412017,2.90878213377655,-0.88183338103588,1.13899457293641,-1.38151518106795,-0.0835878255506966,-1.16206529597061,2.10374194583386,0.164496262830027,0.494628715554065,-1.73919219196031,-0.0048924782938554,-1.29516889732297,1.30749346671475,0.319360800309938,-0.625861806110452,1.27346376582455,-0.300468384357373,0.739619465908023,0.0239191364614936,-0.0113621374226195,-0.0333676780239758,0.118559492347187,-0.322647370261335,0.187666968278486,-0.219283088346431,-0.217660058942973,-0.0993461715876417,1.0,0.0
47577,-0.714300797918084,0.815273961878388,1.20312028473633,0.7151308874785,-0.219048247087062,0.578109658679959,-0.0802352551317678,0.848683191002035,-0.1588621577344,-0.608128107148172,0.159532340631022,0.0397062135819529,-1.95204816838297,0.609017271451054,-0.913668299510741,-0.259015726064628,0.18446480649812,0.183470187337028,0.162763965494658,-0.315034042792326,0.0773392549054204,0.191302755234948,-0.156644646875889,-0.338288200744259,0.176681664956764,-0.298177860051429,-0.0638467194871029,-0.0532707445541737,20.0,0.0
40242,1.20049922450371,0.220417758835157,0.252045081517564,0.657452008493735,-0.272096105757103,-0.622356888472199,-0.0444631688624654,-0.0151980790463645,0.165651732323496,-0.302988779634966,0.0001246593311121,-0.162937508424263,-0.701521719188171,-0.0769196268787066,1.44637092227889,0.229556544017979,0.325168780211907,-0.635312314977978,-0.552584217352781,-0.158098744742337,-0.266677296750081,-0.793247603454112,0.164296362213342,0.0093584624975909,0.1102576975737,0.126503136416473,-0.0137027053977913,0.0265388441034163,7.99,0.0
45448,1.24406226120731,-0.376674599486797,0.0762117879942211,-0.171905144703178,-0.773297820923658,-1.01135119271654,-0.0197733997298184,-0.207750061817705,-1.48095819631819,0.916095064168388,1.37121170825902,0.523223318588961,-0.197482817103831,0.644730924146276,-0.0806659307302115,-1.34797728812147,-0.134019263949061,0.954968966055934,-0.453595568902602,-0.429522313649236,-0.632735432088912,-1.55455703649368,0.181374077056794,0.488984773771022,0.126288227728088,0.135708475287383,-0.0559763480104517,0.0125799339272666,56.7,0.0
32512,-0.872106013586608,0.538477168228938,2.37003421663876,1.79999617419209,-0.713790751917103,1.44436273417886,0.593732949811124,0.389464634444498,0.0425622910345604,-0.208739372404364,-0.41992655977264,0.721749913908392,-0.529858103651979,-0.918354751274883,-3.5866171710935,0.289552171938885,-0.399014076365017,-0.0140569609178689,-0.36862325152703,-0.208843900345121,-0.152496805291431,-0.159227531124107,-0.0146527517518754,-0.0101843673059873,-0.29960257724497,-0.284203211996375,0.087375051704276,0.117079182454511,151.67,0.0
56093,-0.208950842953035,0.826089818517227,1.29029291094561,1.27920048995944,0.037609330505691,-0.163393389389897,0.515984767896263,0.0936598718133929,-0.0008981811184279,-0.182345262423526,-1.73166461427387,-1.43672857963557,-2.55568337212938,0.491401848623627,0.267258013927023,-0.658391911187547,0.316932637811826,0.244550973742961,1.32000299384097,-0.132723299716017,-0.0789205459609742,-0.118146259447245,-0.233084716521866,-0.167672836736632,-0.102392543114707,-0.231037697960819,0.154810191407373,0.134997614069045,5.16,0.0
48537,0.277404694548639,-0.804777041032328,-0.0054864156199726,-1.43633794071937,-1.32004614165659,-0.732262496244702,0.594432432525237,-0.318016810874042,-2.4424702360283,1.27588902913321,-1.0817345211453,-1.85240987064616,-0.640772747460843,0.136761851380222,0.433550335494455,-0.791075485186314,0.737897874594328,0.0248762510934694,0.797873440582693,0.0764740947256478,-0.251537288864164,-0.718310683044224,0.758816631703532,-0.0806430477989069,-1.19026222606081,-0.565813887053817,0.132025606988529,0.179862477934091,204.89,0.0
49523,-0.72928981672029,-4.36837660546058,0.305941856307732,0.369425273096307,-2.50626537242589,1.54980426776251,-0.424999898454628,0.401794946309803,0.315500372828659,-0.0393317062446474,0.907747777649855,0.057357735629281,-1.23656214643489,-0.478814651938264,-1.04652589729626,0.422010018653709,1.23660507129414,-1.47574587770731,0.219717595626798,1.92304539990414,0.783628859196219,0.263080253870245,-0.867294865478532,-0.203891465613436,-0.142098528076587,-0.178344208519908,-0.0925695658491328,0.179839025366272,1000.0,0.0
28252,-0.356539434802765,0.0308020175799428,1.21739314934406,0.435355030900248,1.186685048988,-1.04378539344226,1.25997707130614,-1.17478948110551,0.248681724260337,1.0905924258921,0.590527418063077,-0.0754508040599058,-0.0484224425732506,-0.498882084032971,1.23963137670484,-1.00552993734647,-0.108765022982875,-1.37199097969419,0.380915044345394,-0.102697504375741,-0.456038978866404,-0.48166506237116,-0.0527172458022416,0.432107212870347,-1.17658077704448,-0.0560254730490235,-0.867413733525116,-0.785200800582642,37.9,0.0
44498,-1.06588514017098,0.016914079003463,1.85112979706622,0.535272211624112,-0.208999862813442,2.03363262207598,-0.280307494818383,0.597893291945086,0.75882254554423,-0.0988309789165845,-0.326933774784595,1.18268621933787,1.11106919818371,-1.15311171371183,-1.18200894431141,-0.623101203794651,0.162139414023204,0.302328382244645,1.80849610031254,0.477668099615132,-0.0276081191413634,0.602597005002185,-0.40404730249518,-1.20656563637312,0.634133357524111,0.995817644512531,0.438779399233014,0.10483240915932,124.0,0.0
26919,1.09426390316106,0.357528353341561,1.0623859499736,2.79066706614781,-0.590532675939583,-0.39216602675712,-0.0442058838390699,-0.0002844423599001,-0.225690800790556,0.529619297185232,-0.678786287750813,0.0151493666428833,-0.672162673169661,0.018488324688689,-0.598557316858766,0.20703139492953,-0.0896907991059433,-0.719761896136608,-0.708364203857755,-0.177802403563004,-0.263158453684859,-0.717226738069994,0.115933789610492,0.666486350253995,0.307289184896035,-0.200082059292957,0.0025737506334401,0.0319862876007829,23.39,0.0
33467,-0.708803043443358,1.24530001175131,0.749146970503054,0.0453713104483557,-0.164361466553252,-0.855748994228349,0.315101050330697,0.413237873074827,-0.442923697274056,-0.723287720962844,-0.789999788391408,-0.376708957316084,-0.393701902677484,-0.0034511553157188,0.954142447140615,0.641548484932221,0.0831157855975272,0.100942120768387,0.0404299022265906,0.0139599012530669,-0.241366893289568,-0.82423876473803,0.0297491903069427,-0.0453676158152906,-0.106086983609754,0.0978915990950563,0.112675891123485,0.0234983956913232,14.99,0.0
46410,-4.46220186380755,2.62867195900545,-3.45664438602262,0.987951371525503,-1.80629841067799,-0.758735706163654,-1.71263697365171,3.09015421482395,-0.61360291086027,0.599817614224525,0.0578419552193223,1.36614921358854,-0.4805448424403,2.72168923639779,0.256603651316061,0.319760874737383,0.936072789387856,0.310084628833406,0.19860837336485,0.0349306200701581,0.288348905645418,0.339269890678843,-0.112325709311202,-0.302589603630942,-0.450956995907714,-0.368893032566062,0.218848460403016,0.0169638627057479,1.0,0.0
53859,1.25383859366622,0.377973457357066,-0.929296156504827,1.30594827881689,2.38498055912274,3.68337082218862,-0.388905756795388,0.869713692133127,-0.908563377557952,0.739855314052625,-0.281963724133539,-0.219401073373656,-0.0024968441344032,0.448446373507129,0.636742686225278,0.99822452056145,-1.10368029812271,-0.027781056183582,-0.536860726024873,-0.0367191761966461,-0.24931510481309,-0.919671658998696,0.0557039416231682,0.958824541951681,0.513926654716944,-0.171688489480847,-0.0090307107948776,0.0176876559214365,0.0,0.0
24463,-2.48771721421472,2.17143950153109,0.962025540586739,-0.349193052097973,-0.106298739453917,-0.387101534934013,0.973424465827141,-0.452409818065276,2.97214029806807,2.40443770256535,1.04813171664089,-2.97119932024644,0.907719986339262,0.670939103489919,0.669765311220544,-0.406573931834955,0.346538110890091,-0.651540855479153,-0.752285136196675,0.945257792562993,-0.735823386455214,-0.840132286111148,0.0640695354818762,-0.0493216150542658,0.0455628777780078,0.0232558102125413,0.476713657203628,0.3312148681498,44.99,0.0
35722,1.24965988348565,-1.05834209025855,0.309024736832801,-2.10868763125949,-1.02975627646484,0.132931730872271,-0.836506661541575,0.230896916325856,0.406738678451784,-0.309949954922373,1.44127933948418,1.25848475796148,-0.323401663594075,0.144161954078608,0.259057232513229,-2.82339783294634,0.846638553357396,0.42541426763612,-0.0327313827262,-0.559044392758935,-0.530535569390127,-0.806205254558151,0.149456152152347,-0.292919313542291,0.168426861164595,-0.147235888501119,0.0680202337015263,0.0052285761000146,19.01,0.0
33177,-0.793678507951011,0.928035050275569,1.64064175601918,1.31162025095915,-0.402079434521076,0.233833295975613,0.694636799827207,-0.084491623512722,-0.007512850475176,-0.112675472697847,-0.336948486045782,0.475733422569272,0.179642816347494,-0.299317551748772,0.117633007415389,-1.34082637565722,0.725915606878761,-0.706305282336168,0.673682194936237,-0.147110149978274,0.117198281443571,0.647827578848757,-0.110708210035268,0.458781994799504,-0.196827365526548,-0.240553261159446,-0.138521616893486,0.131890524922503,73.64,0.0
29808,-1.37931924185828,-0.784441992812796,2.71628993182197,0.376940986656659,0.405172202328281,-0.954002450587261,-0.970699217955164,0.22111704127165,0.247452909887603,-0.580724244483032,-0.606926049197242,0.443310593128114,0.671538031314571,-0.540623766455501,0.685048705793024,-0.396055028917114,0.336653907493791,-0.12859950155901,1.43427086789443,0.520388347686724,0.050182808969156,-0.017451234264662,0.0196471712987852,0.482686399914331,-0.0271215654852019,1.16990474674911,-0.0072947128690341,0.0997450156133639,1.0,0.0
45547,1.24822941595906,-1.03240547086845,0.143286608236405,-1.8278369609322,-1.34006131056068,-1.14073734260984,-0.310791778979304,-0.317803457943344,0.41293214876589,-0.431166144335118,-0.527342148054652,0.984628342395641,0.950249352933768,-0.275835660806422,0.256576376858731,-2.55941984817573,0.504328021255993,0.716418697953349,0.360056203987922,-0.284968981178437,-0.514833383187771,-0.891477804839041,-0.0395406593958854,0.43041206113076,0.470201537722511,-0.0944567307854688,0.0238286793301406,0.0330060670026197,92.46,0.0
42926,-1.19173636791683,-0.310339835720557,1.9698193119119,1.53321695670083,0.704414268145129,-0.711397982698926,-0.156950987185378,0.132810354895599,-0.576855038596228,-0.170961849496327,0.0927505689212909,0.46306797057549,0.77107162087417,0.105351176815851,1.59905636756455,-0.551843832879688,0.178016864702947,-0.232808295907807,0.0923023602018478,0.481551902257987,0.336869808606129,0.656960856651667,0.279837515920577,0.417901622476096,-0.347484910816076,-0.286664760406414,0.14502991005227,0.186075492755418,70.0,0.0
35114,-0.41056587498027,1.13422210004537,0.863797152884656,1.11999333146474,0.74378600438597,-0.243952797423088,0.52905273983022,0.151084482970571,-0.982397913341536,-0.591686725500819,1.79013619002292,0.14161880564674,-0.540334470566025,-0.758162026073593,0.961910691182709,-0.0666061104730636,1.09435592220255,0.869511607740795,0.476705015495695,0.0659984986211171,0.149336119703525,0.451749598855428,-0.194038691936822,-0.0933824555928688,-0.241679358855378,-0.242914964801246,0.184925957006374,0.166976808999055,1.0,0.0
53023,-0.925492571210589,1.315356541928,2.5958190357234,3.48026631082744,0.176209915611309,1.09305697931299,0.459149250524088,0.43202059127312,-1.74141456268644,0.913176751171535,0.818993604239675,-0.203826654672835,-1.3904099632786,0.240646573795443,-1.08969751844892,0.15825894269246,0.0717937734505285,-0.341530530605849,-0.354181376953563,-0.129768772476692,-0.14347399617491,-0.475826314140125,-0.116169433210827,0.149719237531518,-0.0067141263781767,-0.0603052895841238,-0.0429597734497306,0.0575039762117089,34.45,0.0
54403,1.18250410826733,-0.0076996727995333,-0.240438073878519,1.10381499564608,0.438623992238861,0.621488440495836,0.0511083001264487,0.0992671255313208,0.476541450572436,-0.123690151813263,-1.89477575630127,-0.263027516845179,-0.503194683153743,0.115525259350611,0.0822121729300534,-0.279987420610802,-0.20850069991957,-0.436191299015818,0.150956204884956,-0.100124131719569,-0.175837572990295,-0.387391268492488,-0.26423667393833,-1.32248079831664,0.813668021914701,-0.228324639836553,0.0260930562004486,0.0077473912725273,50.02,0.0
33634,-1.23088525097375,0.406192888286035,1.65577367220697,1.63418945363118,1.39905697596467,1.60785868499793,0.0859646838300802,0.601488050446785,-0.765967822891482,0.985209437632152,1.78926559015867,-0.464834615241372,-2.29915425818985,0.591282998472858,1.06278882290646,-0.378395923820931,0.310444832401187,-1.5526782338805,-2.02168872835644,-0.281008287086131,-0.13553606064112,-0.193907268558644,0.216726313274031,-1.13828172462808,-0.577737232136578,-0.218903172193532,-0.0881493047110192,-0.0921320980009192,11.02,0.0
26091,-2.92054383553109,-0.494116274403558,0.789076583138388,0.471216988727107,-1.01930558560197,-0.126290934563375,1.93166734826737,-1.57324040456054,1.26194221551816,2.08846145758298,0.316823263763855,-0.47632443293725,0.396181443562055,-1.18091319645126,2.39733951705821,-0.425579302516067,-0.331150193384551,-0.351941767232804,1.99711857178098,-1.0940664856759,-0.664726889699453,0.212164696678498,-0.159757216374874,0.545802196312631,-0.923195864020721,0.859980082968714,-1.65219584743946,-0.621379802200763,275.04,0.0
2809,-0.438813210830067,0.68138653425707,1.29776491184825,-1.95922994109111,0.102819855889439,-1.33827352813139,1.11034215218867,-0.341033322699144,0.787064206770766,-1.19585613132161,0.363409393767886,0.507461322643168,-0.287891549748412,0.131695301928881,1.0919948249684,-1.03069151098331,-0.100860260429088,-0.585388803145065,-0.660615248660454,-0.0162280600825747,0.123546480412536,0.770563048651772,-0.201210724481007,0.613286251170625,-0.069293438652047,-0.842887964719309,0.256322446399999,-0.0116053018521024,1.0,0.0
225,-0.60883073513444,0.876837021150348,2.49571533671387,3.13867428543393,0.161264310620481,-0.107098570209344,0.515853834920873,-0.13822565868207,-1.03507034579585,0.851909380237714,-0.250992691345227,0.420239244314613,1.03433332194005,-0.555149171679642,0.0675405344233251,-0.680939737083804,0.366019892455279,-0.583614936480242,1.05234155572715,0.554610925480348,-0.262866246709227,-0.439237336452574,-0.0067747083389557,0.717470885780402,0.199741570123349,0.0724009541084865,0.0997560446662496,-0.136524288059901,35.11,0.0
50907,-0.66649048444928,-3.05444899233477,-0.814876130011979,1.09436680365517,-1.41383483126088,-0.59457086212423,1.44427214551404,-0.453408721184945,0.0378524106869605,-0.695515223233532,0.271275154588266,0.779916871713691,0.324145798996262,0.373257701503795,0.399082506402113,-0.63166491500183,0.536187881865002,-1.22249444659781,-0.575049575286856,1.86430476456994,0.569995695496826,-0.379790711901468,-0.854903555346571,0.757861821567671,0.0561735781941927,0.981984498406914,-0.258806680976225,0.165518899875406,980.0,0.0
42584,-0.369725228112923,-0.42065421685521,0.725675003908941,-2.83412887685797,0.0655513270463969,0.261637864927307,0.219353637753504,0.068146597698666,-2.8907633986281,0.839951210148105,0.257641070598915,-0.666503256880118,0.49299445541682,-0.0818438837968868,-0.684047988057807,-0.166451441041021,-0.0458850452125762,-0.035697545126468,-0.162745335813182,-0.198628027097929,-0.42187989965757,-1.07157172090541,0.0909515076952304,-1.22936295639718,-0.21313591058159,-0.629038627078069,0.0865067876971391,0.103260239808768,69.84,0.0
35660,1.19069800358983,0.193833914340827,0.379776499677619,0.735948985195367,-0.495200713012585,-0.830321389835331,-0.101204304013082,0.0112329212011622,0.265297314105519,-0.276662635551142,0.154842919301296,-0.481215865043669,-1.55977850948173,0.100208355944066,1.50943640276557,0.171180048438903,0.489048422877481,-0.644859726919116,-0.667643387555674,-0.234363301044795,-0.258767570621101,-0.795048221697799,0.220408797014794,0.313219017365841,0.042340623206944,0.10974823821813,-0.017163922519019,0.0268867939238956,0.89,0.0
42498,-0.883382369645465,-0.690009538863889,2.16359381296375,-2.63238087095176,-0.861115093844379,0.37726555309368,-0.848682468039691,0.537584802179517,-2.15126405625353,0.970799598485266,1.13019321831132,-1.29626518413619,-1.43048772507886,-0.0688192862484054,0.272343167019657,-0.322250934762336,0.570395151647313,0.210019112614948,-1.39060734239054,-0.247911038577897,0.053433336492363,0.451798633806273,-0.145249297981572,-0.347783957515107,0.196594373874299,-0.122698180765212,0.316247341861951,0.113646433192229,26.8,0.0
50460,0.996809418653911,-0.121046859944705,0.195888824298881,1.26525430894191,-0.0352370006939402,0.35219271261277,0.0363830375181503,0.152764271914547,0.0969206164772709,0.0191048281451634,0.810659853620544,0.929573684368946,-0.489522303219665,0.328629812005297,-0.722914022328895,-0.404633972572506,-0.0845967170091797,-0.317638672086871,0.0234991232272325,-0.0346695709238854,-0.0292790026312812,-0.0730874531200259,-0.178361801344242,-0.292947761775125,0.63716524483619,-0.316910981680384,0.0189051015545298,0.0151245054220798,84.97,0.0
44574,0.845168034609463,1.47084654463126,-1.55635376610113,1.59318540464077,0.944440623366845,-1.66797316711356,0.972126269685484,-0.295635920687436,-0.277671975905927,-0.770447513511244,2.46966696693395,-0.671998416021458,-1.635196940792,-3.26717195591821,0.540404865792741,0.952416447584529,2.6192774716403,2.07425479182842,-0.186948532372105,0.0859205972479533,-0.149528630655591,-0.0961727794992541,0.0678576534045078,0.153737710268169,-0.58906293446646,-0.455286591121712,0.0823407395218766,-0.219259476443422,0.89,0.0
55437,1.44238567268638,-0.360196734222838,-0.521603038134323,-0.960725659963081,-0.145147822045536,-0.594544183568334,-0.100261715016366,-0.241526279236066,-1.42844889126372,0.837484646962104,0.811666548099293,0.051802309253096,0.653883528111214,0.170426188403019,-0.268228756818975,1.14309940209074,-0.169898650495186,-0.892362398187577,1.22940076651411,0.155885909909744,0.200071834615645,0.477974937056955,-0.294883008718078,-0.44077995375197,0.884879376309377,-0.0537384764093692,-0.0327574864585098,-0.0136750943206965,25.0,0.0
